-- MySQL dump 10.13  Distrib 8.0.29, for Linux (x86_64)
--
-- Host: 127.0.0.1    Database: project
-- ------------------------------------------------------
-- Server version	8.0.29-0ubuntu0.20.04.3

/*!40101 SET @OLD_CHARACTER_SET_CLIENT=@@CHARACTER_SET_CLIENT */;
/*!40101 SET @OLD_CHARACTER_SET_RESULTS=@@CHARACTER_SET_RESULTS */;
/*!40101 SET @OLD_COLLATION_CONNECTION=@@COLLATION_CONNECTION */;
/*!50503 SET NAMES utf8mb4 */;
/*!40103 SET @OLD_TIME_ZONE=@@TIME_ZONE */;
/*!40103 SET TIME_ZONE='+00:00' */;
/*!40014 SET @OLD_UNIQUE_CHECKS=@@UNIQUE_CHECKS, UNIQUE_CHECKS=0 */;
/*!40014 SET @OLD_FOREIGN_KEY_CHECKS=@@FOREIGN_KEY_CHECKS, FOREIGN_KEY_CHECKS=0 */;
/*!40101 SET @OLD_SQL_MODE=@@SQL_MODE, SQL_MODE='NO_AUTO_VALUE_ON_ZERO' */;
/*!40111 SET @OLD_SQL_NOTES=@@SQL_NOTES, SQL_NOTES=0 */;

--
-- Table structure for table `addresses`
--

DROP TABLE IF EXISTS `addresses`;
/*!40101 SET @saved_cs_client     = @@character_set_client */;
/*!50503 SET character_set_client = utf8mb4 */;
CREATE TABLE `addresses` (
  `addressID` int NOT NULL AUTO_INCREMENT,
  `street` varchar(256) DEFAULT NULL,
  `streetAdd` varchar(256) DEFAULT NULL,
  `suburb` varchar(256) DEFAULT NULL,
  `postcode` varchar(16) DEFAULT NULL,
  `state` varchar(64) DEFAULT NULL,
  `country` varchar(64) DEFAULT NULL,
  PRIMARY KEY (`addressID`)
) ENGINE=InnoDB AUTO_INCREMENT=92 DEFAULT CHARSET=utf8mb4 COLLATE=utf8mb4_0900_ai_ci;
/*!40101 SET character_set_client = @saved_cs_client */;

--
-- Dumping data for table `addresses`
--

LOCK TABLES `addresses` WRITE;
/*!40000 ALTER TABLE `addresses` DISABLE KEYS */;
INSERT INTO `addresses` VALUES (90,'1 Street Name','Unit A','City','0000','State','Country'),(91,'a','a','Adelaide','5000','SA','Australia');
/*!40000 ALTER TABLE `addresses` ENABLE KEYS */;
UNLOCK TABLES;

--
-- Table structure for table `availablity`
--

DROP TABLE IF EXISTS `availablity`;
/*!40101 SET @saved_cs_client     = @@character_set_client */;
/*!50503 SET character_set_client = utf8mb4 */;
CREATE TABLE `availablity` (
  `timeID` int NOT NULL,
  `invitationID` int NOT NULL,
  `available` tinyint(1) DEFAULT '0',
  PRIMARY KEY (`timeID`,`invitationID`),
  KEY `invitationID` (`invitationID`),
  CONSTRAINT `availablity_ibfk_1` FOREIGN KEY (`timeID`) REFERENCES `times` (`timeID`) ON DELETE CASCADE,
  CONSTRAINT `availablity_ibfk_2` FOREIGN KEY (`invitationID`) REFERENCES `invitations` (`invitationID`) ON DELETE CASCADE
) ENGINE=InnoDB DEFAULT CHARSET=utf8mb4 COLLATE=utf8mb4_0900_ai_ci;
/*!40101 SET character_set_client = @saved_cs_client */;

--
-- Dumping data for table `availablity`
--

LOCK TABLES `availablity` WRITE;
/*!40000 ALTER TABLE `availablity` DISABLE KEYS */;
INSERT INTO `availablity` VALUES (452,34,0),(452,35,0),(452,36,0),(452,37,0),(453,34,0),(453,35,0),(453,36,0),(453,37,0),(454,34,0),(454,35,0),(454,36,0),(454,37,0),(455,34,0),(455,35,0),(455,36,0),(455,37,0),(456,34,0),(456,35,0),(456,36,0),(456,37,0),(457,34,0),(457,35,0),(457,36,0),(457,37,0),(458,34,0),(458,35,0),(458,36,0),(458,37,0),(459,34,0),(459,35,0),(459,36,0),(459,37,0),(460,34,0),(460,35,0),(460,36,0),(460,37,0),(461,34,0),(461,35,0),(461,36,0),(461,37,0),(462,34,0),(462,35,0),(462,36,0),(462,37,0),(463,34,0),(463,35,0),(463,36,0),(463,37,0),(464,34,0),(464,35,0),(464,36,0),(464,37,0),(465,34,0),(465,35,0),(465,36,0),(465,37,0),(466,34,0),(466,35,0),(466,36,0),(466,37,0),(467,34,0),(467,35,0),(467,36,0),(467,37,0),(468,34,0),(468,35,0),(468,36,0),(468,37,0),(469,34,0),(469,35,0),(469,36,0),(469,37,0),(470,34,0),(470,35,0),(470,36,0),(470,37,0),(471,34,0),(471,35,0),(471,36,0),(471,37,0),(472,34,0),(472,35,0),(472,36,0),(472,37,0),(473,34,0),(473,35,0),(473,36,0),(473,37,0),(474,34,0),(474,35,0),(474,36,0),(474,37,0),(475,34,0),(475,35,0),(475,36,0),(475,37,0),(476,34,0),(476,35,0),(476,36,0),(476,37,0),(477,34,0),(477,35,0),(477,36,0),(477,37,0),(478,34,0),(478,35,0),(478,36,0),(478,37,0),(479,34,0),(479,35,0),(479,36,0),(479,37,0),(480,38,0),(480,39,0),(480,40,0),(480,41,0),(481,38,0),(481,39,0),(481,40,0),(481,41,0),(482,38,0),(482,39,0),(482,40,0),(482,41,0),(483,38,0),(483,39,0),(483,40,0),(483,41,0),(484,38,0),(484,39,0),(484,40,0),(484,41,0),(485,38,0),(485,39,0),(485,40,0),(485,41,0),(486,38,0),(486,39,0),(486,40,0),(486,41,0),(487,38,0),(487,39,0),(487,40,0),(487,41,0),(488,38,0),(488,39,0),(488,40,0),(488,41,0),(489,38,0),(489,39,0),(489,40,0),(489,41,0),(490,38,0),(490,39,0),(490,40,0),(490,41,0),(491,38,0),(491,39,0),(491,40,0),(491,41,0),(492,38,0),(492,39,0),(492,40,0),(492,41,0),(493,38,0),(493,39,0),(493,40,0),(493,41,0),(494,38,0),(494,39,0),(494,40,0),(494,41,0),(495,38,0),(495,39,0),(495,40,0),(495,41,0),(496,38,0),(496,39,0),(496,40,0),(496,41,0),(497,38,0),(497,39,0),(497,40,0),(497,41,0),(498,38,0),(498,39,0),(498,40,0),(498,41,0),(499,38,0),(499,39,0),(499,40,0),(499,41,0),(500,38,0),(500,39,0),(500,40,0),(500,41,0),(501,38,0),(501,39,0),(501,40,0),(501,41,0),(502,38,0),(502,39,0),(502,40,0),(502,41,0),(503,38,0),(503,39,0),(503,40,0),(503,41,0),(504,38,0),(504,39,0),(504,40,0),(504,41,0),(505,38,0),(505,39,0),(505,40,0),(505,41,0),(506,38,0),(506,39,0),(506,40,0),(506,41,0),(507,38,0),(507,39,0),(507,40,0),(507,41,0),(508,38,0),(508,39,0),(508,40,0),(508,41,0),(509,38,0),(509,39,0),(509,40,0),(509,41,0),(510,38,0),(510,39,0),(510,40,0),(510,41,0),(511,38,0),(511,39,0),(511,40,0),(511,41,0),(512,38,0),(512,39,0),(512,40,0),(512,41,0),(513,38,0),(513,39,0),(513,40,0),(513,41,0),(514,38,0),(514,39,0),(514,40,0),(514,41,0),(515,38,0),(515,39,0),(515,40,0),(515,41,0),(516,38,0),(516,39,0),(516,40,0),(516,41,0),(517,38,0),(517,39,0),(517,40,0),(517,41,0),(518,38,0),(518,39,0),(518,40,0),(518,41,0),(519,38,0),(519,39,0),(519,40,0),(519,41,0),(520,42,0),(520,43,0),(521,42,0),(521,43,0),(522,42,0),(522,43,0),(523,42,0),(523,43,0),(524,42,0),(524,43,0),(525,42,0),(525,43,0),(526,42,0),(526,43,0),(527,42,0),(527,43,0),(528,42,0),(528,43,0),(529,42,0),(529,43,0),(530,42,0),(530,43,0),(531,42,0),(531,43,0),(532,42,0),(532,43,0),(533,42,0),(533,43,0),(534,42,0),(534,43,0),(535,42,0),(535,43,0),(536,42,0),(536,43,0),(537,42,0),(537,43,0),(538,42,0),(538,43,0),(539,42,0),(539,43,0),(540,42,0),(540,43,0),(541,42,0),(541,43,0),(542,42,0),(542,43,0),(543,42,0),(543,43,0),(544,42,0),(544,43,0),(545,42,0),(545,43,0),(546,42,0),(546,43,0),(547,42,0),(547,43,0),(548,42,0),(548,43,0),(549,42,0),(549,43,0),(550,42,0),(550,43,0),(551,42,0),(551,43,0),(552,44,0),(553,44,0),(554,44,0),(555,44,0),(556,44,0),(557,44,0),(558,44,0),(559,44,0),(560,44,0),(561,44,0),(562,44,0),(563,44,0),(564,44,0),(565,44,0),(566,44,0),(567,44,0),(568,44,0),(569,44,0),(570,44,0),(571,44,0),(572,44,0),(573,44,0),(574,44,0),(575,44,0),(576,44,0),(577,44,0),(578,44,0),(579,44,0),(580,44,0),(581,44,0),(582,44,0),(583,44,0),(584,44,0),(585,44,0),(586,44,0),(587,44,0),(588,44,0),(589,44,0),(590,44,0),(591,44,0),(592,44,0),(593,44,0),(594,44,0),(595,44,0),(596,44,0),(597,44,0),(598,44,0),(599,44,0),(600,44,0),(601,44,0),(602,44,0),(603,44,0),(604,44,0),(605,44,0),(606,44,0),(607,44,0),(608,44,0),(609,44,0),(610,44,0),(611,44,0),(612,44,0),(613,44,0),(614,44,0),(615,44,0),(616,44,0),(617,44,0),(618,44,0),(619,44,0),(620,44,0),(621,44,0),(622,44,0),(623,44,0),(624,44,0),(625,44,0),(626,44,0),(627,44,0),(628,44,0),(629,44,0),(630,44,0),(631,44,0),(632,44,0),(633,44,0),(634,44,0),(635,44,0),(636,44,0),(637,44,0),(638,44,0),(639,44,0),(640,44,0),(641,44,0),(642,44,0),(643,44,0),(644,44,0),(645,44,0),(646,44,0),(647,44,0),(648,44,0),(649,44,0),(650,44,0),(651,44,0),(652,44,0),(653,44,0),(654,44,0),(655,44,0),(656,44,0),(657,44,0),(658,44,0),(659,44,0),(660,44,0),(661,44,0),(662,44,0),(663,44,0),(664,44,0),(665,44,0),(666,44,0),(667,44,0),(668,44,0),(669,44,0),(670,44,0),(671,44,0),(672,44,0),(673,44,0),(674,44,0),(675,44,0),(676,44,0),(677,44,0),(678,44,0),(679,44,0),(680,44,0),(681,44,0),(682,44,0),(683,44,0),(684,44,0),(685,44,0),(686,44,0),(687,44,0),(688,44,0),(689,44,0),(690,44,0),(691,44,0),(692,44,0),(693,44,0),(694,44,0),(695,44,0),(696,44,0),(697,44,0),(698,44,0),(699,44,0),(700,44,0),(701,44,0),(702,44,0),(703,44,0),(704,44,0),(705,44,0),(706,44,0),(707,44,0),(708,44,0),(709,44,0),(710,44,0),(711,44,0),(712,45,0),(713,45,0),(714,45,0),(715,45,0),(716,45,0),(717,45,0),(718,45,0),(719,45,0),(720,45,0),(721,45,0),(722,45,0),(723,45,0),(724,45,0),(725,45,0),(726,45,0),(727,45,0);
/*!40000 ALTER TABLE `availablity` ENABLE KEYS */;
UNLOCK TABLES;

--
-- Table structure for table `events`
--

DROP TABLE IF EXISTS `events`;
/*!40101 SET @saved_cs_client     = @@character_set_client */;
/*!50503 SET character_set_client = utf8mb4 */;
CREATE TABLE `events` (
  `eventID` int NOT NULL AUTO_INCREMENT,
  `creatorID` int DEFAULT NULL,
  `addressID` int DEFAULT NULL,
  `name` varchar(56) DEFAULT NULL,
  `description` varchar(256) DEFAULT NULL,
  `start` datetime DEFAULT NULL,
  `end` datetime DEFAULT NULL,
  `status` enum('plan','final','event') DEFAULT 'plan',
  PRIMARY KEY (`eventID`),
  KEY `creatorID` (`creatorID`),
  KEY `addressID` (`addressID`),
  CONSTRAINT `events_ibfk_1` FOREIGN KEY (`creatorID`) REFERENCES `users` (`userID`) ON DELETE CASCADE,
  CONSTRAINT `events_ibfk_2` FOREIGN KEY (`addressID`) REFERENCES `addresses` (`addressID`) ON DELETE SET NULL
) ENGINE=InnoDB AUTO_INCREMENT=119 DEFAULT CHARSET=utf8mb4 COLLATE=utf8mb4_0900_ai_ci;
/*!40101 SET character_set_client = @saved_cs_client */;

--
-- Dumping data for table `events`
--

LOCK TABLES `events` WRITE;
/*!40000 ALTER TABLE `events` DISABLE KEYS */;
INSERT INTO `events` VALUES (114,5,90,'Lucy\'s 22nd','Let\'s get together to celebrate Lucy\'s 22nd Birthday!','2022-06-25 16:00:00','2022-06-26 23:00:00','plan'),(115,5,90,'Lucy\'s 23rd','Wow, Lucy has birthdays very often! Has it really been a year?','2022-06-27 02:30:00','2022-06-28 12:30:00','plan'),(116,1,91,'Event Name','Descr','2022-06-12 09:00:00','2022-06-13 17:00:00','plan'),(117,1,91,'Event','descr','2022-06-09 09:00:00','2022-06-18 17:00:00','plan'),(118,1,91,'Name','descr','2022-06-12 09:00:00','2022-06-13 13:00:00','plan');
/*!40000 ALTER TABLE `events` ENABLE KEYS */;
UNLOCK TABLES;

--
-- Table structure for table `invitations`
--

DROP TABLE IF EXISTS `invitations`;
/*!40101 SET @saved_cs_client     = @@character_set_client */;
/*!50503 SET character_set_client = utf8mb4 */;
CREATE TABLE `invitations` (
  `invitationID` int NOT NULL AUTO_INCREMENT,
  `eventID` int DEFAULT NULL,
  `guestID` int DEFAULT NULL,
  PRIMARY KEY (`invitationID`),
  KEY `guestID` (`guestID`),
  KEY `eventID` (`eventID`),
  CONSTRAINT `invitations_ibfk_1` FOREIGN KEY (`guestID`) REFERENCES `users` (`userID`) ON DELETE CASCADE,
  CONSTRAINT `invitations_ibfk_2` FOREIGN KEY (`eventID`) REFERENCES `events` (`eventID`) ON DELETE CASCADE
) ENGINE=InnoDB AUTO_INCREMENT=46 DEFAULT CHARSET=utf8mb4 COLLATE=utf8mb4_0900_ai_ci;
/*!40101 SET character_set_client = @saved_cs_client */;

--
-- Dumping data for table `invitations`
--

LOCK TABLES `invitations` WRITE;
/*!40000 ALTER TABLE `invitations` DISABLE KEYS */;
INSERT INTO `invitations` VALUES (34,114,1),(35,114,6),(36,114,71),(37,114,72),(38,115,1),(39,115,71),(40,115,72),(41,115,6),(42,116,6),(43,116,58),(44,117,6),(45,118,6);
/*!40000 ALTER TABLE `invitations` ENABLE KEYS */;
UNLOCK TABLES;

--
-- Table structure for table `notifications`
--

DROP TABLE IF EXISTS `notifications`;
/*!40101 SET @saved_cs_client     = @@character_set_client */;
/*!50503 SET character_set_client = utf8mb4 */;
CREATE TABLE `notifications` (
  `userID` int NOT NULL,
  `type` enum('cancel','final','response') NOT NULL,
  PRIMARY KEY (`userID`,`type`),
  CONSTRAINT `notifications_ibfk_1` FOREIGN KEY (`userID`) REFERENCES `users` (`userID`) ON DELETE CASCADE
) ENGINE=InnoDB DEFAULT CHARSET=utf8mb4 COLLATE=utf8mb4_0900_ai_ci;
/*!40101 SET character_set_client = @saved_cs_client */;

--
-- Dumping data for table `notifications`
--

LOCK TABLES `notifications` WRITE;
/*!40000 ALTER TABLE `notifications` DISABLE KEYS */;
/*!40000 ALTER TABLE `notifications` ENABLE KEYS */;
UNLOCK TABLES;

--
-- Table structure for table `times`
--

DROP TABLE IF EXISTS `times`;
/*!40101 SET @saved_cs_client     = @@character_set_client */;
/*!50503 SET character_set_client = utf8mb4 */;
CREATE TABLE `times` (
  `timeID` int NOT NULL AUTO_INCREMENT,
  `eventID` int DEFAULT NULL,
  `start` datetime DEFAULT NULL,
  PRIMARY KEY (`timeID`),
  KEY `eventID` (`eventID`),
  CONSTRAINT `times_ibfk_1` FOREIGN KEY (`eventID`) REFERENCES `events` (`eventID`) ON DELETE CASCADE
) ENGINE=InnoDB AUTO_INCREMENT=728 DEFAULT CHARSET=utf8mb4 COLLATE=utf8mb4_0900_ai_ci;
/*!40101 SET character_set_client = @saved_cs_client */;

--
-- Dumping data for table `times`
--

LOCK TABLES `times` WRITE;
/*!40000 ALTER TABLE `times` DISABLE KEYS */;
INSERT INTO `times` VALUES (452,114,'2022-06-12 16:00:49'),(453,114,'2022-06-12 16:30:49'),(454,114,'2022-06-12 19:00:49'),(455,114,'2022-06-12 18:30:49'),(456,114,'2022-06-12 18:00:49'),(457,114,'2022-06-12 19:30:49'),(458,114,'2022-06-12 20:30:49'),(459,114,'2022-06-12 17:30:49'),(460,114,'2022-06-12 20:00:49'),(461,114,'2022-06-12 17:00:49'),(462,114,'2022-06-12 21:00:49'),(463,114,'2022-06-12 21:30:49'),(464,114,'2022-06-12 22:30:49'),(465,114,'2022-06-13 16:00:49'),(466,114,'2022-06-12 22:00:49'),(467,114,'2022-06-13 16:30:49'),(468,114,'2022-06-13 17:00:49'),(469,114,'2022-06-13 17:30:49'),(470,114,'2022-06-13 18:00:49'),(471,114,'2022-06-13 18:30:49'),(472,114,'2022-06-13 19:00:49'),(473,114,'2022-06-13 19:30:49'),(474,114,'2022-06-13 20:30:49'),(475,114,'2022-06-13 21:00:49'),(476,114,'2022-06-13 21:30:49'),(477,114,'2022-06-13 22:00:49'),(478,114,'2022-06-13 22:30:49'),(479,114,'2022-06-13 20:00:49'),(480,115,'2022-06-12 02:30:13'),(481,115,'2022-06-12 03:00:13'),(482,115,'2022-06-12 03:30:13'),(483,115,'2022-06-12 04:00:13'),(484,115,'2022-06-12 04:30:13'),(485,115,'2022-06-12 05:00:13'),(486,115,'2022-06-12 05:30:13'),(487,115,'2022-06-12 06:00:13'),(488,115,'2022-06-12 07:00:13'),(489,115,'2022-06-12 06:30:13'),(490,115,'2022-06-12 07:30:13'),(491,115,'2022-06-12 08:00:13'),(492,115,'2022-06-12 08:30:13'),(493,115,'2022-06-12 09:00:13'),(494,115,'2022-06-12 09:30:13'),(495,115,'2022-06-12 10:00:13'),(496,115,'2022-06-12 10:30:13'),(497,115,'2022-06-12 11:00:13'),(498,115,'2022-06-12 11:30:13'),(499,115,'2022-06-12 12:00:13'),(500,115,'2022-06-13 02:30:13'),(501,115,'2022-06-13 03:00:13'),(502,115,'2022-06-13 03:30:13'),(503,115,'2022-06-13 04:00:13'),(504,115,'2022-06-13 04:30:13'),(505,115,'2022-06-13 05:00:13'),(506,115,'2022-06-13 05:30:13'),(507,115,'2022-06-13 06:00:13'),(508,115,'2022-06-13 06:30:13'),(509,115,'2022-06-13 07:00:13'),(510,115,'2022-06-13 07:30:13'),(511,115,'2022-06-13 08:30:13'),(512,115,'2022-06-13 09:00:13'),(513,115,'2022-06-13 09:30:13'),(514,115,'2022-06-13 10:00:13'),(515,115,'2022-06-13 10:30:13'),(516,115,'2022-06-13 11:00:13'),(517,115,'2022-06-13 11:30:13'),(518,115,'2022-06-13 12:00:13'),(519,115,'2022-06-13 08:00:13'),(520,116,'2022-06-12 09:00:34'),(521,116,'2022-06-12 09:30:34'),(522,116,'2022-06-12 12:00:34'),(523,116,'2022-06-12 11:30:34'),(524,116,'2022-06-12 12:30:34'),(525,116,'2022-06-12 13:30:34'),(526,116,'2022-06-12 10:30:34'),(527,116,'2022-06-12 10:00:34'),(528,116,'2022-06-12 13:00:34'),(529,116,'2022-06-12 11:00:34'),(530,116,'2022-06-12 14:00:34'),(531,116,'2022-06-12 14:30:34'),(532,116,'2022-06-12 15:00:34'),(533,116,'2022-06-12 16:00:34'),(534,116,'2022-06-12 15:30:34'),(535,116,'2022-06-12 16:30:34'),(536,116,'2022-06-13 09:00:34'),(537,116,'2022-06-13 09:30:34'),(538,116,'2022-06-13 10:00:34'),(539,116,'2022-06-13 10:30:34'),(540,116,'2022-06-13 11:00:34'),(541,116,'2022-06-13 11:30:34'),(542,116,'2022-06-13 12:30:34'),(543,116,'2022-06-13 13:00:34'),(544,116,'2022-06-13 13:30:34'),(545,116,'2022-06-13 14:00:34'),(546,116,'2022-06-13 14:30:34'),(547,116,'2022-06-13 15:00:34'),(548,116,'2022-06-13 15:30:34'),(549,116,'2022-06-13 12:00:34'),(550,116,'2022-06-13 16:00:34'),(551,116,'2022-06-13 16:30:34'),(552,117,'2022-06-12 09:30:28'),(553,117,'2022-06-12 09:00:28'),(554,117,'2022-06-12 10:00:28'),(555,117,'2022-06-12 10:30:28'),(556,117,'2022-06-12 11:00:28'),(557,117,'2022-06-12 11:30:28'),(558,117,'2022-06-12 12:00:28'),(559,117,'2022-06-12 12:30:28'),(560,117,'2022-06-12 13:00:28'),(561,117,'2022-06-12 13:30:28'),(562,117,'2022-06-12 14:00:28'),(563,117,'2022-06-12 14:30:28'),(564,117,'2022-06-12 15:00:28'),(565,117,'2022-06-12 15:30:28'),(566,117,'2022-06-12 16:00:28'),(567,117,'2022-06-12 16:30:28'),(568,117,'2022-06-13 09:00:28'),(569,117,'2022-06-13 09:30:28'),(570,117,'2022-06-13 10:00:28'),(571,117,'2022-06-13 10:30:28'),(572,117,'2022-06-13 11:00:28'),(573,117,'2022-06-13 11:30:28'),(574,117,'2022-06-13 12:00:28'),(575,117,'2022-06-13 13:00:28'),(576,117,'2022-06-13 13:30:28'),(577,117,'2022-06-13 14:00:28'),(578,117,'2022-06-13 14:30:28'),(579,117,'2022-06-13 12:30:28'),(580,117,'2022-06-13 15:00:28'),(581,117,'2022-06-13 15:30:28'),(582,117,'2022-06-13 16:00:28'),(583,117,'2022-06-13 16:30:28'),(584,117,'2022-06-14 09:00:28'),(585,117,'2022-06-14 09:30:28'),(586,117,'2022-06-14 10:30:28'),(587,117,'2022-06-14 11:00:28'),(588,117,'2022-06-14 11:30:28'),(589,117,'2022-06-14 12:00:28'),(590,117,'2022-06-14 10:00:28'),(591,117,'2022-06-14 12:30:28'),(592,117,'2022-06-14 13:00:28'),(593,117,'2022-06-14 13:30:28'),(594,117,'2022-06-14 15:00:28'),(595,117,'2022-06-14 14:00:28'),(596,117,'2022-06-14 14:30:28'),(597,117,'2022-06-15 09:30:28'),(598,117,'2022-06-14 15:30:28'),(599,117,'2022-06-14 16:00:28'),(600,117,'2022-06-14 16:30:28'),(601,117,'2022-06-15 09:00:28'),(602,117,'2022-06-15 10:00:28'),(603,117,'2022-06-15 10:30:28'),(604,117,'2022-06-15 11:00:28'),(605,117,'2022-06-15 11:30:28'),(606,117,'2022-06-15 12:00:28'),(607,117,'2022-06-15 12:30:28'),(608,117,'2022-06-15 13:00:28'),(609,117,'2022-06-15 13:30:28'),(610,117,'2022-06-15 14:00:28'),(611,117,'2022-06-15 14:30:28'),(612,117,'2022-06-15 15:00:28'),(613,117,'2022-06-15 15:30:28'),(614,117,'2022-06-15 16:00:28'),(615,117,'2022-06-15 16:30:28'),(616,117,'2022-06-16 09:00:28'),(617,117,'2022-06-16 09:30:28'),(618,117,'2022-06-16 10:00:28'),(619,117,'2022-06-16 10:30:28'),(620,117,'2022-06-16 11:00:28'),(621,117,'2022-06-16 11:30:28'),(622,117,'2022-06-16 12:00:28'),(623,117,'2022-06-16 12:30:28'),(624,117,'2022-06-16 13:00:28'),(625,117,'2022-06-16 13:30:28'),(626,117,'2022-06-16 14:00:28'),(627,117,'2022-06-16 14:30:28'),(628,117,'2022-06-16 15:30:28'),(629,117,'2022-06-16 16:00:28'),(630,117,'2022-06-16 15:00:28'),(631,117,'2022-06-17 09:00:28'),(632,117,'2022-06-17 09:30:28'),(633,117,'2022-06-16 16:30:28'),(634,117,'2022-06-17 10:00:28'),(635,117,'2022-06-17 10:30:28'),(636,117,'2022-06-17 11:00:28'),(637,117,'2022-06-17 11:30:28'),(638,117,'2022-06-17 12:00:28'),(639,117,'2022-06-17 12:30:28'),(640,117,'2022-06-17 13:00:28'),(641,117,'2022-06-17 13:30:28'),(642,117,'2022-06-17 14:00:28'),(643,117,'2022-06-17 14:30:28'),(644,117,'2022-06-17 15:00:28'),(645,117,'2022-06-17 15:30:28'),(646,117,'2022-06-17 16:00:28'),(647,117,'2022-06-17 16:30:28'),(648,117,'2022-06-18 09:00:28'),(649,117,'2022-06-18 09:30:28'),(650,117,'2022-06-18 10:00:28'),(651,117,'2022-06-18 10:30:28'),(652,117,'2022-06-18 11:00:28'),(653,117,'2022-06-18 11:30:28'),(654,117,'2022-06-18 12:00:28'),(655,117,'2022-06-18 12:30:28'),(656,117,'2022-06-18 13:00:28'),(657,117,'2022-06-18 13:30:28'),(658,117,'2022-06-18 14:00:28'),(659,117,'2022-06-18 14:30:28'),(660,117,'2022-06-18 15:00:28'),(661,117,'2022-06-18 15:30:28'),(662,117,'2022-06-18 16:00:28'),(663,117,'2022-06-18 16:30:28'),(664,117,'2022-06-19 09:00:28'),(665,117,'2022-06-19 09:30:28'),(666,117,'2022-06-19 10:00:28'),(667,117,'2022-06-19 11:00:28'),(668,117,'2022-06-19 11:30:28'),(669,117,'2022-06-19 12:00:28'),(670,117,'2022-06-19 12:30:28'),(671,117,'2022-06-19 13:00:28'),(672,117,'2022-06-19 13:30:28'),(673,117,'2022-06-19 10:30:28'),(674,117,'2022-06-19 14:00:28'),(675,117,'2022-06-19 14:30:28'),(676,117,'2022-06-19 15:00:28'),(677,117,'2022-06-19 16:00:28'),(678,117,'2022-06-19 15:30:28'),(679,117,'2022-06-20 09:00:28'),(680,117,'2022-06-20 09:30:28'),(681,117,'2022-06-20 10:00:28'),(682,117,'2022-06-19 16:30:28'),(683,117,'2022-06-20 10:30:28'),(684,117,'2022-06-20 11:00:28'),(685,117,'2022-06-20 11:30:28'),(686,117,'2022-06-20 12:00:28'),(687,117,'2022-06-20 13:00:28'),(688,117,'2022-06-20 12:30:28'),(689,117,'2022-06-20 13:30:28'),(690,117,'2022-06-20 14:00:28'),(691,117,'2022-06-20 14:30:28'),(692,117,'2022-06-20 15:00:28'),(693,117,'2022-06-20 15:30:28'),(694,117,'2022-06-20 16:00:28'),(695,117,'2022-06-20 16:30:28'),(696,117,'2022-06-21 09:00:28'),(697,117,'2022-06-21 10:00:28'),(698,117,'2022-06-21 09:30:28'),(699,117,'2022-06-21 11:00:28'),(700,117,'2022-06-21 10:30:28'),(701,117,'2022-06-21 12:00:28'),(702,117,'2022-06-21 12:30:28'),(703,117,'2022-06-21 11:30:28'),(704,117,'2022-06-21 13:00:28'),(705,117,'2022-06-21 13:30:28'),(706,117,'2022-06-21 14:00:28'),(707,117,'2022-06-21 14:30:28'),(708,117,'2022-06-21 15:00:28'),(709,117,'2022-06-21 15:30:28'),(710,117,'2022-06-21 16:00:28'),(711,117,'2022-06-21 16:30:28'),(712,118,'2022-06-12 09:00:24'),(713,118,'2022-06-12 09:30:24'),(714,118,'2022-06-12 10:00:24'),(715,118,'2022-06-12 10:30:24'),(716,118,'2022-06-12 11:00:24'),(717,118,'2022-06-12 11:30:24'),(718,118,'2022-06-12 12:00:24'),(719,118,'2022-06-12 12:30:24'),(720,118,'2022-06-13 09:00:24'),(721,118,'2022-06-13 09:30:24'),(722,118,'2022-06-13 10:00:24'),(723,118,'2022-06-13 10:30:24'),(724,118,'2022-06-13 11:00:24'),(725,118,'2022-06-13 11:30:24'),(726,118,'2022-06-13 12:00:24'),(727,118,'2022-06-13 12:30:24');
/*!40000 ALTER TABLE `times` ENABLE KEYS */;
UNLOCK TABLES;

--
-- Table structure for table `users`
--

DROP TABLE IF EXISTS `users`;
/*!40101 SET @saved_cs_client     = @@character_set_client */;
/*!50503 SET character_set_client = utf8mb4 */;
CREATE TABLE `users` (
  `userID` int NOT NULL AUTO_INCREMENT,
  `email` varchar(64) DEFAULT NULL,
  `password` varchar(128) DEFAULT NULL,
  `name` varchar(64) DEFAULT NULL,
  `access` enum('admin','user','guest') DEFAULT NULL,
  PRIMARY KEY (`userID`),
  UNIQUE KEY `email` (`email`)
) ENGINE=InnoDB AUTO_INCREMENT=90 DEFAULT CHARSET=utf8mb4 COLLATE=utf8mb4_0900_ai_ci;
/*!40101 SET character_set_client = @saved_cs_client */;

--
-- Dumping data for table `users`
--

LOCK TABLES `users` WRITE;
/*!40000 ALTER TABLE `users` DISABLE KEYS */;
INSERT INTO `users` VALUES (1,'modralandonwilliams@gmail.com','$argon2i$v=19$m=4096,t=3,p=1$850X2YDUub1aDK0HRsqaQg$CqgFcv1kgE+sT6gYjMFi/VthmL00QdC8hiqyKf2sfW4','WDCGroup','user'),(3,'katiepie199@gmail.com','$argon2i$v=19$m=4096,t=3,p=1$Dal/bRcTxcoOQUi8HPt+1w$xO9lcus0rOj47p1URoCUQl3JVxxa0WzUei4IFEyfy0I','kt','user'),(4,'a1767709@student.adelaide.edu.au','$argon2i$v=19$m=4096,t=3,p=1$mG96YkOSirqH+pyEg4xsPQ$FdxdDiKQ0wCZj+OHWhtmoSD+dQwfaEr4BgaNT/lgemE','a1767709','user'),(5,'email@gmail.com','$argon2i$v=19$m=4096,t=3,p=1$YChq7zM1jOFLJBXzVQKNcg$y5pf3IjHLmX61/0ifhXjMy+x2dGvJ+OSGZl/7pB/uLo','ohno','user'),(6,'hannah@gmail.com',NULL,NULL,'guest'),(9,'sarah@gmail.com',NULL,NULL,'guest'),(58,'tom@gmail.com',NULL,NULL,'guest'),(61,'toma@gmail.com',NULL,NULL,'guest'),(71,'katie@gmail.com',NULL,NULL,'guest'),(72,'sascha@gmail.com',NULL,NULL,'guest');
/*!40000 ALTER TABLE `users` ENABLE KEYS */;
UNLOCK TABLES;
/*!40103 SET TIME_ZONE=@OLD_TIME_ZONE */;

/*!40101 SET SQL_MODE=@OLD_SQL_MODE */;
/*!40014 SET FOREIGN_KEY_CHECKS=@OLD_FOREIGN_KEY_CHECKS */;
/*!40014 SET UNIQUE_CHECKS=@OLD_UNIQUE_CHECKS */;
/*!40101 SET CHARACTER_SET_CLIENT=@OLD_CHARACTER_SET_CLIENT */;
/*!40101 SET CHARACTER_SET_RESULTS=@OLD_CHARACTER_SET_RESULTS */;
/*!40101 SET COLLATION_CONNECTION=@OLD_COLLATION_CONNECTION */;
/*!40111 SET SQL_NOTES=@OLD_SQL_NOTES */;

-- Dump completed on 2022-06-12 11:10:20
